<?xml version="1.0" encoding="UTF-8" standalone="yes"?>
<beans xmlns="http://www.springframework.org/schema/beans"
       xmlns:context="http://www.springframework.org/schema/context"
       xmlns:xsi="http://www.w3.org/2001/XMLSchema-instance"
       xmlns:neo4j="http://www.springframework.org/schema/data/neo4j"
       xmlns:tx="http://www.springframework.org/schema/tx"
       xsi:schemaLocation="http://www.springframework.org/schema/beans http://www.springframework.org/schema/beans/spring-beans-3.0.xsd
		http://www.springframework.org/schema/context http://www.springframework.org/schema/context/spring-context-3.0.xsd
		http://www.springframework.org/schema/data/neo4j http://www.springframework.org/schema/data/neo4j/spring-neo4j-2.0.xsd http://www.springframework.org/schema/tx http://www.springframework.org/schema/tx/spring-tx-2.5.xsd
		">
    <context:annotation-config/>
    <context:spring-configured/>
    <context:component-scan base-package="com.bhsconsultants.vonneumanns">
    	<context:exclude-filter type="annotation" expression="org.springframework.stereotype.Controller"/>
    </context:component-scan>
    
    <!-- neo4j setup -->
    <neo4j:repositories base-package="com.bhsconsultants.vonneumanns.repositories"/>
    <!-- <datagraph:config storeDirectory="target/config-test"/>-->
	<bean id="graphDBService"
		class="org.springframework.data.neo4j.rest.SpringRestGraphDatabase">
		<constructor-arg index="0" value="http://morpheus:7474/db/data" />	
	</bean>

    <neo4j:config graphDatabaseService="graphDBService"/>

	<bean class="com.bhsconsultants.vonneumanns.dataimport.GameDbApiClient">
        <constructor-arg index="0" value="821be19ca8c2da4f3adfa889de6e05e43bd51ff5"/>
        <constructor-arg index="1" value="json" />
    </bean>
    <bean class="com.bhsconsultants.vonneumanns.dataimport.GameDbLocalStorage">
        <constructor-arg value="data/json"/>
    </bean>

	<tx:annotation-driven mode="proxy"/>
    <!-- possibly not needed below -->
     <!-- <neo4j:config storeDirectory="data/graph.db"/>-->
     
     
</beans>