<?xml version="1.0"?>
<beans 
	xsi:schemaLocation="http://www.springframework.org/schema/beans http://www.springframework.org/schema/beans/spring-beans-3.1.xsd 
		http://www.springframework.org/schema/context http://www.springframework.org/schema/context/spring-context-3.1.xsd 
		http://www.springframework.org/schema/mvc http://www.springframework.org/schema/mvc/spring-mvc-3.1.xsd 
		http://www.springframework.org/schema/security http://www.springframework.org/schema/security/spring-security-3.1.xsd" 
	xmlns:security="http://www.springframework.org/schema/security" 
	xmlns:mvc="http://www.springframework.org/schema/mvc" 
	xmlns:context="http://www.springframework.org/schema/context" 
	xmlns:xsi="http://www.w3.org/2001/XMLSchema-instance" 
	xmlns="http://www.springframework.org/schema/beans"> 

   <context:annotation-config/>

<!-- <mvc:annotation-driven/>-->

 <context:component-scan base-package="com.bhsconsultants.vonneumanns.controllers"/>

<!-- <mvc:annotation-driven/>

<mvc:view-controller path="/" view-name="index"/> -->

<bean class="org.springframework.web.servlet.mvc.annotation.DefaultAnnotationHandlerMapping"/> 

<bean class="org.springframework.web.servlet.mvc.annotation.AnnotationMethodHandlerAdapter"/> 

<!-- Views -->
<!-- 
<bean class="org.springframework.web.servlet.view.InternalResourceViewResolver"> 
	<property value="/WEB-INF/views/" name="prefix"/> 
	<property value=".jsp" name="suffix"/> 
</bean>
 -->
<bean id="viewResolver"
        class="org.springframework.web.servlet.view.UrlBasedViewResolver">
        <property name="viewClass"
            value="org.springframework.web.servlet.view.JstlView" />
        <property name="prefix" value="/WEB-INF/views/" />
        <property name="suffix" value=".jsp" />
    </bean> 
<!-- 
<mvc:interceptors> 
	<mvc:interceptor> 
		<mvc:mapping path="//register_shopper"/> 
		<mvc:mapping path="//consumer"/> 
		<bean class="com.safepayinc.morningstar.web.safepayweb.interceptor.ConsumerRegistrationInterceptor"/> 
	</mvc:interceptor> 
	<mvc:interceptor>
		<mvc:mapping path="//register_retailer"/> 
		<mvc:mapping path="//merchant"/> 
		<bean class="com.safepayinc.morningstar.web.safepayweb.interceptor.MerchantRegistrationInterceptor"/> 
	</mvc:interceptor>
</mvc:interceptors>
 -->
</beans>